id,status,plan,scale,login_status,inbound,taishu_tenpyo,cnt_brand,cnt_cp,cp_brand,cnt_store,avg_store_info,media_library,cnt_category,bt_resto,bt_retail,bt_hotel,bt_salon,bt_activity,bt_other,rev,rev_posi,rev_nega,rev_mix,rev_none,rev_avg_comment,rev_avg_rate,rev_avg_uuser,lang_ja,lang_en,lang_ko,lang_ch_han,lang_ch_kan,lang_thai,lang_other,st_google,st_trip_advisor,st_tabelog,st_retty,st_hot_pepper_gourmet,st_gnavi,st_hot_pepper_beauty,st_yahoo_loco,st_asoview,st_demaecan,st_ikyu,st_ozmall,st_tribeau,st_clinic,q_pos,q_neg,q_neu,s_pos,s_neg,s_neu,c_pos,c_neg,c_neu,a_pos,a_neg,a_neu,un_pos,un_neg,un_neu,photo,rep,rep_posi,rep_nega,rep_mix,rep_none,rep_avg_comment,rep_avg_rate,rep_avg_uuser,weekly,monthly,wday_index,now,scheduled,tw,fb,in,web,call,direction,pv_search_pc,pv_map_pc,pv_search_sp,pv_map_sp,chat,booking,orders,search,search_per_keyword,cnt_keywords,post_total,post_sns,reaction,pv_total
37986,tech_touch,growth,small,30日以内,1,1,1,0,0,1,658,1,1,1,0,0,0,0,0,34,22,1,1,8,206,5,7,22,3,2,0,0,0,0,33,0,0,0,0,0,0,0,0,0,0,0,0,0,0,0,0,0,0,0,0,0,0,0,0,0,0,0,0,218,21,13,1,1,5,213,5,7,0,0,0,0,0,0,0,0,848,133,819,935,3511,3216,7818,0,1,0,867,7122,5880,0,0,1800,15480
16699,tech_touch,small,small,1日以内,0,0,1,0,0,1,191,1,1,1,0,0,0,0,0,29,19,0,0,7,127,5,2,0,0,0,0,0,0,0,19,0,9,1,0,0,0,0,0,0,0,0,0,0,54,0,2,4,1,0,1,0,0,6,0,0,32,2,16,80,12,8,0,0,4,69,5,2,0,0,0,0,0,0,0,0,931,180,1522,8527,1262,22570,15722,0,18,0,9015,50240,128931,0,0,2633,48081
28744,low_touch,growth,medium,1日以内,0,0,13,0,0,26,182,16,8,13,0,0,0,0,0,4117,2092,258,312,1217,103,4,4,38,6,0,1,3,0,0,2011,13,1354,76,564,0,0,99,0,0,0,0,0,0,0,0,0,0,0,0,0,0,0,0,0,0,0,0,0,9868,2371,912,111,199,1027,75,4,4,26,0,0,55,3,12,144,141,158630,32123,187406,1248079,319604,7743500,10122819,20,2357,0,257001,458016,1749429,84,297,378159,19434002
23070,tech_touch,small,small,7日以内,0,0,1,0,0,1,41,2,1,1,0,0,0,0,0,68,44,7,2,11,237,4,3,0,0,0,0,0,0,0,48,0,16,2,0,0,0,2,0,0,0,0,0,0,147,20,9,5,5,0,4,0,0,13,0,0,108,23,20,263,58,41,6,6,3,134,4,3,0,0,0,16,4,0,0,16,5971,1109,4065,7294,1839,68202,38412,17,0,0,130030,384617,1057256,20,16,11145,115747
24784,low_touch,enterprise,large,1日以内,0,0,1,68,21,68,159,4,1,0,1,0,0,0,0,1993,527,208,106,1027,33,4,2,0,0,0,0,0,0,0,1887,0,0,0,0,0,0,106,0,0,0,0,0,0,0,0,0,0,0,0,0,0,0,0,0,0,0,0,0,1749,3948,2207,725,383,125,53,4,2,46,5,0,22,24,0,0,11,429606,283404,712854,1254856,292673,7966579,4789695,0,0,0,249762,564116,1778517,97,11,1425864,14303803
15346,low_touch,enterprise,large,1日以内,1,0,8,23,4,64,503,43,8,8,0,0,0,0,0,18537,10741,932,1149,5050,128,4,11,5247,3309,3828,526,209,58,369,16610,158,1203,56,245,1,0,227,0,37,0,0,0,0,9752,2176,534,3356,1447,27,52,90,0,732,174,22,7689,2222,2543,26609,1119,654,182,169,15,134,4,2,0,0,0,22,2,0,0,0,319404,62870,465743,2112252,739959,15134574,12976864,3,3803,0,153492,134900,471551,24,0,848017,30963649
18646,low_touch,growth,large,1日以内,0,0,17,0,0,56,401,206,10,17,0,0,0,0,0,4528,2131,349,400,1444,72,4,2,0,0,0,0,0,0,0,2328,0,684,0,816,0,0,319,0,381,0,0,0,0,3137,825,165,698,558,9,21,28,0,224,30,5,3056,900,873,11526,3945,1411,388,418,1550,63,4,3,86,6,5,28,107,0,1,1,203035,83738,209878,734301,186790,7239140,6712276,15,367,0,159020,692439,1333133,232,2,496651,14872507
13234,tech_touch,growth,small,1日以内,0,0,1,0,0,1,158,5,1,1,0,0,0,0,0,78,51,2,1,22,45,5,4,0,0,0,0,0,0,0,73,0,4,0,0,0,0,1,0,0,0,0,0,0,57,3,2,6,0,0,0,0,0,9,0,0,65,2,4,233,105,73,1,1,27,47,4,4,0,0,0,1,0,0,0,0,12601,2977,5239,20902,5979,255232,190878,0,0,0,44913,246927,166716,1,0,20817,472991
15676,tech_touch,small,small,60日以内,0,0,2,0,0,3,498,8,1,0,0,0,0,0,2,6,1,1,0,4,37,4,1,0,0,0,0,0,0,0,6,0,0,0,0,0,0,0,0,0,0,0,0,0,0,0,0,0,0,0,1,0,0,0,0,0,2,3,0,5,1,0,1,0,0,116,1,1,0,0,0,5,0,0,0,0,1176,162,5001,2693,1626,25857,26046,0,0,0,83681,405314,452106,5,0,6339,56222
2,high_touch,growth,larger,3日以内,1,0,1,0,0,132,80,10,1,0,1,0,0,0,0,10576,3142,683,399,5387,35,4,5,4381,334,200,226,27,3,48,8739,0,0,0,0,0,0,1837,0,0,0,0,0,0,284,113,25,357,442,7,17,12,0,84,9,1,5519,1135,2980,13893,0,0,0,0,0,0,0,0,0,0,0,4,20,0,0,0,952978,697536,4078744,6922501,1824255,49467139,37717383,15,0,0,193538,619588,1676107,24,0,5729258,95931278
24916,low_touch,growth,medium,1日以内,0,0,2,0,0,21,163,173,3,0,2,0,0,0,0,1108,274,430,114,222,107,3,5,0,0,0,0,0,0,0,1065,0,0,0,0,0,0,43,0,0,0,0,0,0,0,0,0,0,0,0,0,0,0,0,0,0,0,0,0,1627,1657,325,630,187,395,112,3,5,0,0,10,17,19,0,0,0,146705,113104,496955,258511,89672,2596073,1419152,11,0,0,35068,135497,570898,46,0,756764,4363408
14587,tech_touch,growth,small,61日以上,0,0,1,0,0,1,696,1,1,1,0,0,0,0,0,87,42,5,10,22,99,4,3,0,0,0,0,0,0,0,45,0,38,2,0,0,0,2,0,0,0,0,0,0,73,8,2,0,8,0,1,0,0,4,0,0,158,22,36,516,79,57,6,9,0,94,4,3,0,0,0,81,0,0,0,0,4103,821,5873,31863,6910,170922,253052,6,0,0,116213,376758,1198684,81,0,10797,462747
37523,tech_touch,enterprise,small,7日以内,1,0,1,1,1,1,124,1,1,0,0,0,0,0,1,1930,456,113,51,1105,85,4,73,748,40,5,23,4,0,6,1761,8,0,0,0,0,0,161,0,0,0,0,0,0,0,0,0,0,0,0,0,0,0,0,0,0,0,0,0,1643,5,3,1,0,0,67,4,5,0,0,0,14,3,0,0,0,192923,13934,228460,624702,96212,2679215,785267,0,0,0,27630,78424,254660,17,0,435317,4185396
25609,high_touch,growth,medium,1日以内,0,0,9,0,0,13,199,23,1,9,0,0,0,0,0,1017,550,74,117,205,124,4,3,68,6,7,2,2,0,0,396,2,499,24,73,0,0,16,0,0,7,0,0,0,0,0,0,0,0,0,0,0,0,0,0,0,0,0,0,6139,259,119,29,22,76,114,4,2,55,0,124,2,118,0,0,0,48928,16869,58191,440672,79617,1931397,1515644,53,1267,0,34526,192315,397645,299,0,123988,3967330
24751,low_touch,growth,medium,1日以内,1,1,3,47,7,49,374,121,5,3,0,0,0,0,0,6625,2338,866,826,1967,123,4,5,4258,238,104,114,17,13,35,4111,13,2078,116,0,8,0,299,0,0,0,0,0,0,14232,4259,1377,1687,2404,100,72,117,2,485,160,53,13756,5279,8945,21448,3325,1084,447,399,1195,71,4,3,0,0,0,49,141,0,0,0,204797,42745,399498,1495064,438756,11697422,12575258,0,1,0,327997,1333944,2453863,190,0,647040,26206500
23399,tech_touch,growth,small,1日以内,1,0,2,0,0,4,409,2,2,0,0,0,0,0,2,91,64,6,2,17,150,4,4,26,29,7,8,0,0,4,91,0,0,0,0,0,0,0,0,0,0,0,0,0,6,1,0,50,2,1,0,0,0,1,0,0,109,22,0,28,835,693,10,16,110,77,5,8,1,0,2,114,7,0,19,19,9533,2340,6792,15790,3669,129443,40269,8,0,0,37871,154815,509228,124,38,18665,189171
21847,low_touch,growth,medium,1日以内,0,0,3,0,0,33,261,159,1,0,3,0,0,0,0,637,119,53,26,406,36,4,2,2,0,0,0,0,0,0,599,0,0,0,0,0,0,38,0,0,0,0,0,0,14,12,3,52,38,0,3,0,0,5,0,0,195,94,132,812,2,1,0,0,1,149,5,1,0,0,45,4,58,0,0,0,49256,20936,123024,1661229,139146,8235952,2581342,5,0,0,34959,132991,310601,107,0,193216,12617669
23398,tech_touch,growth,small,7日以内,1,0,1,0,0,1,319,1,1,0,0,0,0,0,1,85,17,8,2,42,81,4,5,35,7,0,1,0,0,0,82,2,0,0,0,0,0,1,0,0,0,0,0,0,0,0,0,1,3,0,1,0,0,0,1,0,67,31,20,611,0,0,0,0,0,0,0,0,0,0,0,0,0,0,0,0,15074,763,23501,148400,13062,172857,102328,0,0,0,206832,421579,1688908,0,0,39338,436647
22606,tech_touch,growth,small,1日以内,0,0,1,0,0,1,133,1,1,1,0,0,0,0,0,139,76,8,15,36,117,4,4,7,16,1,1,0,0,1,45,0,90,4,0,0,0,0,0,0,0,0,0,0,67,14,1,14,5,0,0,0,0,41,2,0,122,25,54,601,78,26,8,8,35,95,4,3,11,0,0,158,3,0,0,0,5410,1522,13660,44136,8461,110862,157844,0,0,0,178203,963890,1772865,172,0,20592,321303
15084,high_touch,growth,larger,1日以内,0,0,9,0,0,632,546,134,1,0,0,0,0,0,9,3060,2018,89,83,712,66,4,2,0,0,0,0,0,0,0,2874,0,0,0,0,0,0,186,0,0,0,0,0,0,69,0,1,82,43,0,6,0,0,94,2,0,3315,363,160,45,1764,1168,45,43,427,81,5,2,99,0,109,103,94,0,0,0,233396,327147,862717,1680813,456853,7055519,2215421,0,0,0,63968,184942,404896,405,0,1423260,11408606
22276,low_touch,enterprise,larger,1日以内,0,0,1,2,1,283,100,62,2,0,0,0,0,0,1,414,193,41,33,135,76,4,1,0,0,0,0,0,0,0,410,0,0,0,0,0,0,4,0,0,0,0,0,0,18,4,0,207,80,1,2,2,0,1,0,0,450,154,61,144,146,101,9,8,24,62,4,2,22,15,3,1,7,0,0,0,340563,90113,367552,1075461,579796,4269268,2953617,12,0,0,33355,58778,306003,48,0,798228,8878142
23002,low_touch,enterprise,medium,1日以内,0,0,7,0,0,12,155,32,2,7,0,0,0,0,0,1317,389,176,141,522,97,4,4,0,0,0,0,0,0,0,1028,0,218,29,0,0,0,42,0,0,0,0,0,0,1023,456,93,135,239,4,8,16,0,37,10,1,761,321,389,4815,787,221,90,82,369,93,4,4,164,36,35,10,11,0,0,0,57833,14693,101066,197481,58653,2018073,1970607,1,0,0,22603,84196,401230,256,0,173592,4244814
4028,low_touch,enterprise,medium,1日以内,0,0,11,35,25,44,271,15,7,11,0,0,0,0,0,2215,656,376,246,702,122,3,2,23,9,1,0,0,0,2,1454,2,549,33,6,6,0,139,0,26,0,0,0,0,1340,719,178,267,607,17,8,19,0,68,33,7,1628,918,1160,5368,0,0,0,0,0,0,0,0,44,0,111,41,4,0,0,0,111469,28411,122707,896763,248946,7644484,5827896,0,1945,0,115370,293512,513560,200,0,262587,14618089
25015,tech_touch,growth,small,7日以内,0,0,3,0,0,3,296,20,3,1,0,1,0,0,1,75,41,6,5,22,124,4,3,0,0,0,0,0,0,0,75,0,0,0,0,0,0,0,0,0,0,0,0,0,0,0,0,0,0,0,0,0,0,0,0,0,0,0,0,323,54,42,5,5,0,150,4,2,54,0,0,27,1,0,0,0,10328,765,12037,7905,4614,40487,46419,7,0,0,76103,195758,860547,82,0,23130,99425
23860,high_touch,enterprise,larger,1日以内,0,0,1,279,103,316,247,173,1,0,0,0,0,0,1,8889,3741,778,277,3644,35,4,3,0,0,0,0,0,0,0,8706,0,0,0,0,0,0,183,0,0,0,0,0,0,46,7,0,633,235,3,15,3,1,5,0,0,710,220,157,1876,10819,4019,998,359,4865,47,4,2,1503,0,0,33,54,0,0,0,373812,467702,1850411,1850881,1048434,15087783,30901395,12,0,1,108972,561400,1084364,1590,0,2691925,48888493
24917,low_touch,growth,medium,7日以内,0,0,19,0,0,23,205,228,8,19,0,0,0,0,0,6302,3406,453,557,1724,90,4,7,0,0,0,0,0,0,0,3973,26,1087,42,1106,1,0,67,0,0,0,0,0,0,0,0,0,0,0,0,0,0,0,0,0,0,0,0,0,10249,2240,877,132,181,1002,80,4,6,0,0,0,2,0,0,0,0,200500,68776,237666,812583,207444,6490751,3687514,275,8373,2,87808,473361,898900,2,0,506942,11198292
13201,low_touch,enterprise,medium,1日以内,0,0,6,18,16,21,115,166,6,6,0,0,0,0,0,2474,1219,85,161,891,153,4,4,0,0,0,0,0,0,0,1495,15,629,31,0,0,0,49,0,0,255,0,0,0,2430,230,60,846,271,5,14,6,0,361,22,2,3428,513,615,15853,2048,800,70,125,992,124,4,3,0,0,10,258,28,0,0,0,587268,180004,339632,2502350,582185,11020221,7600722,27,685,0,118403,418610,1034122,296,0,1106904,21705478
20527,tech_touch,small,medium,1日以内,0,0,1,0,0,10,171,11,2,1,0,0,0,0,0,336,134,10,9,159,85,4,3,0,0,0,0,0,0,0,292,2,28,0,2,0,0,12,0,0,0,0,0,0,257,31,19,33,6,0,1,0,0,37,1,1,235,34,122,1104,664,270,22,23,311,50,4,3,0,0,0,15,26,0,2,19,31771,5954,38980,332141,68959,1900561,1215526,31,0,0,404064,1016103,2159777,41,21,76705,3517187
40692,high_touch,growth,small,NA,1,1,1,0,0,2,0,1,0,1,0,0,0,0,0,69,30,2,8,18,194,4,2,53,0,0,0,0,0,0,0,0,57,2,0,0,0,2,0,8,0,0,0,0,0,0,0,0,0,0,0,0,0,0,0,0,0,0,0,0,0,0,0,0,0,0,0,0,0,0,0,0,0,0,0,0,0,0,0,0,0,0,0,0,0,0,0,0,0,0,0,0,0
13136,low_touch,enterprise,medium,1日以内,0,0,16,32,32,34,187,1184,7,15,0,0,0,0,1,2002,868,152,174,664,103,4,3,29,0,1,0,1,0,0,1237,1,556,39,118,1,0,50,0,0,0,0,0,0,1417,319,60,222,176,4,11,7,1,171,45,2,2154,745,763,4822,1716,563,143,155,785,47,4,3,158,0,0,120,20,1,3,3,121996,30540,97740,531720,109114,4418736,2603999,14,1094,0,35791,123501,451239,298,7,250276,7663569
20494,high_touch,growth,larger,1日以内,0,0,2,0,0,286,159,3,3,2,0,0,0,0,0,17849,3741,1428,892,10877,52,4,2,23,3,0,0,0,0,0,10957,13,1193,29,0,0,0,743,0,4914,0,0,0,0,348,77,24,32,16,2,2,0,0,10,1,0,491,142,170,42935,2694,722,223,140,1440,40,4,2,0,0,0,11,1,0,0,0,623361,611915,1229619,3592762,1009763,28195313,28878518,79,0,0,421087,1322043,1738178,12,0,2464895,61676356
7724,low_touch,growth,medium,1日以内,0,0,2,0,0,32,227,35,2,1,1,0,0,0,0,1862,549,209,156,843,61,4,4,0,0,0,0,0,0,0,1862,0,0,0,0,0,0,0,0,0,0,0,0,0,722,315,57,187,276,5,10,20,0,34,25,2,1074,434,395,8460,2651,1475,406,342,159,75,4,2,236,0,12,58,28,0,0,0,72913,30349,104880,1100621,273262,6258309,8025496,0,0,0,30663,162066,610405,334,0,208142,15657688
36583,low_touch,growth,medium,1日以内,0,0,5,0,0,37,235,7,4,5,0,0,0,0,0,2027,788,164,174,760,115,4,2,0,0,0,0,0,0,0,1380,1,517,47,26,0,0,56,0,0,0,0,0,0,0,0,0,0,0,0,0,0,0,0,0,0,0,0,0,6134,3457,1132,288,252,1653,51,4,3,0,0,25,1,20,0,0,0,72064,16292,117226,402628,124222,4069867,4009522,0,212,0,181070,613067,1464791,46,0,205582,8606239
14290,low_touch,small,larger,1日以内,0,0,1,0,0,116,247,42,1,0,0,0,0,0,1,101,82,4,6,6,95,4,1,0,0,0,0,0,0,0,101,0,0,0,0,0,0,0,0,0,0,0,0,0,3,0,0,5,0,0,0,0,0,1,0,0,189,17,4,5,91,71,5,5,6,93,4,1,116,0,32,4,16,0,0,0,23791,31615,157482,191477,73349,652781,292786,2,0,0,77588,556967,630884,168,0,212888,1210393
21748,tech_touch,growth,medium,1日以内,0,0,6,0,0,7,212,207,5,6,0,0,0,0,0,1454,844,78,209,264,120,4,5,0,0,0,0,0,0,0,325,6,602,0,141,0,0,0,0,0,173,207,0,0,1309,213,55,390,342,4,8,6,0,425,107,10,1495,292,272,2451,790,258,73,83,345,92,4,3,305,0,0,12,5,0,0,0,103682,20517,79148,378063,71939,2232400,1568158,0,1493,3,67278,422086,529029,322,0,203347,4250560
7463,tech_touch,enterprise,small,30日以内,0,0,1,1,1,1,206,17,1,0,1,0,0,0,0,10,2,1,1,5,53,4,2,0,0,0,0,0,0,0,7,0,0,0,0,0,0,3,0,0,0,0,0,0,0,0,0,0,2,0,0,0,0,0,0,0,12,1,2,0,4,3,0,0,0,59,4,2,0,0,0,1,11,0,0,0,1711,241,4217,11098,3396,150838,65263,0,0,0,137653,455241,1201911,12,0,6169,230595
35115,low_touch,growth,medium,1日以内,0,0,2,0,0,10,139,25,5,2,0,0,0,0,0,821,317,66,77,324,110,4,4,62,2,3,3,0,0,0,611,2,152,7,34,0,0,15,0,0,0,0,0,0,0,0,0,0,0,0,0,0,0,0,0,0,0,0,0,2399,346,123,27,22,160,53,4,5,89,0,0,0,2,0,0,0,93600,23956,57946,186700,43383,1347650,1020318,2,443,0,358519,1217397,1823388,91,0,175502,2598051
12443,low_touch,growth,medium,1日以内,0,0,6,0,0,29,532,93,6,0,1,0,3,0,2,436,272,20,16,117,73,4,2,0,0,0,0,0,0,0,347,0,0,0,0,0,78,11,0,0,0,0,0,0,10,0,2,147,17,0,42,4,0,16,0,0,550,122,24,180,730,353,37,41,275,56,4,2,0,0,0,683,176,0,60,63,54909,11340,67097,78618,28288,552680,466580,15,0,0,511413,920002,1664692,859,123,133346,1126166
5064,high_touch,growth,larger,1日以内,0,0,1,0,0,117,208,86,2,0,1,0,0,0,0,349,113,99,35,81,76,3,1,0,0,0,0,0,0,0,349,0,0,0,0,0,0,0,0,0,0,0,0,0,160,146,13,44,125,1,1,0,0,0,1,0,203,162,52,1281,0,0,0,0,0,0,0,0,0,0,0,4,81,0,0,0,487570,156794,243252,2186512,321012,22560799,8313688,0,0,0,80750,157402,845525,85,0,887616,33382011
38744,tech_touch,growth,small,1日以内,1,1,1,0,0,1,601,1,1,1,0,0,0,0,0,124,94,2,4,22,128,5,8,47,42,5,1,1,0,6,113,2,8,1,0,0,0,0,0,0,0,0,0,0,0,0,0,0,0,0,0,0,0,0,0,0,0,0,0,36,24,21,1,0,2,98,5,3,12,0,0,0,0,0,0,0,282,52,353,511,283,5065,8350,16,7,0,44647,112113,472094,12,0,687,14209
435,high_touch,enterprise,larger,3日以内,0,0,1,802,1,838,184,1,1,1,0,0,0,0,0,65023,17214,8739,4884,29838,76,4,3,312,17,7,4,1,0,3,51413,0,7018,356,0,5,0,6239,0,0,0,0,0,0,25722,9729,1661,4882,11599,228,263,2444,22,1051,468,51,27970,14101,14069,145827,0,0,0,0,0,0,0,0,0,1,0,42,242,0,0,0,3323338,1215014,11816779,20622211,5720628,203883472,186494323,0,0,0,103019,228295,724095,285,0,16355131,416720634
24389,tech_touch,growth,medium,1日以内,0,0,1,0,0,6,191,7,1,0,1,0,0,0,0,300,85,24,12,159,29,4,3,0,0,0,0,0,0,0,281,0,0,0,0,0,0,19,0,0,0,0,0,0,43,11,1,12,22,0,1,0,0,2,0,0,122,62,61,188,0,0,0,0,0,0,0,0,0,0,0,3,22,0,0,0,16283,6315,42745,48795,30353,329634,559050,0,0,0,222365,705903,2611811,25,0,65343,967832
4094,low_touch,enterprise,medium,30日以内,0,0,4,25,5,31,457,14,3,0,0,0,1,0,3,3038,1307,107,146,1450,90,4,8,0,0,0,0,0,0,0,3037,0,0,0,0,0,0,1,0,0,0,0,0,0,131,30,3,1287,383,10,90,8,0,37,2,0,1193,459,229,13,467,210,78,70,101,181,3,2,34,0,59,35,123,0,0,0,139510,230132,441956,906606,105113,5692821,1990697,5,0,0,44084,277569,622008,251,0,811598,8695237
11915,low_touch,growth,large,1日以内,0,0,3,52,10,69,283,439,3,1,1,0,0,0,1,2823,782,302,157,1391,57,4,3,0,0,0,0,0,0,0,2744,0,0,0,0,0,0,79,0,0,0,0,0,0,86,63,4,432,402,8,45,15,1,31,2,0,1522,922,543,3487,0,0,0,0,0,0,0,0,0,32,21,143,41,0,0,0,946764,307751,974078,2542216,5255825,15782324,100719288,0,0,0,655258,486277,1910383,237,0,2228593,124299653
8119,tech_touch,NA,small,NA,0,0,2,1,1,1,0,0,0,0,0,0,2,0,0,0,0,0,0,0,0,0,0,0,0,0,0,0,0,0,0,0,0,0,0,0,0,0,0,0,0,0,0,0,0,0,0,0,0,0,0,0,0,0,0,0,0,0,0,0,0,0,0,0,0,0,0,0,0,0,0,0,0,0,0,0,0,0,0,0,0,0,0,0,0,0,0,0,0,0,0,0,0
30659,high_touch,growth,medium,3日以内,1,1,3,0,0,26,750,105,1,3,0,0,0,0,0,10267,3222,1341,1089,4062,105,4,10,2382,1725,859,323,498,35,394,8930,24,338,12,0,1,0,238,0,237,0,0,0,0,112,42,3,16,13,0,4,2,0,6,1,0,254,111,114,25962,0,0,0,0,0,0,0,0,0,0,110,0,27,0,0,0,424542,115147,1489067,2154715,1401252,15626327,42289966,0,0,0,15211,77359,418588,137,0,2028756,61472260
28579,tech_touch,growth,large,3日以内,0,0,2,0,0,68,167,253,1,0,0,0,0,2,0,685,307,27,28,295,52,4,2,0,0,0,0,0,0,0,685,0,0,0,0,0,0,0,0,0,0,0,0,0,0,0,0,0,0,0,0,0,0,0,0,0,0,0,0,57,670,316,30,30,270,50,4,3,0,0,0,57,11,0,0,0,37157,1943,44816,137905,52469,570188,856645,2,0,0,25540,174188,273613,68,0,83916,1617207
20528,tech_touch,small,small,60日以内,0,0,1,0,0,1,117,19,1,1,0,0,0,0,0,11,4,0,0,7,80,4,1,0,0,0,0,0,0,0,8,0,3,0,0,0,0,0,0,0,0,0,0,0,2,0,0,1,0,0,0,0,0,1,0,0,11,1,0,21,21,9,0,0,12,60,4,1,230,0,1,53,5,0,0,0,360,72,1534,7201,1853,25101,24128,1,0,0,132444,489904,873979,289,0,1966,58283
21814,low_touch,enterprise,large,7日以内,0,0,6,74,18,74,170,781,3,6,0,0,0,0,0,2030,586,331,144,863,63,4,2,131,11,3,0,0,0,5,1678,0,37,1,128,0,0,186,0,0,0,0,0,0,136,68,9,274,572,4,76,36,1,64,15,0,1176,798,363,1968,314,114,120,40,17,127,3,1,91,0,3,5,48,0,0,0,803015,329371,677444,2194119,403215,17234768,11524298,0,299,0,55220,180324,854182,147,0,1809830,31356400
16732,low_touch,growth,medium,1日以内,0,0,5,7,7,8,258,59,4,5,0,0,0,0,0,2127,1471,54,215,353,149,4,5,34,3,1,0,1,0,0,467,6,279,15,0,0,0,39,0,0,701,620,0,0,2137,267,43,1067,369,3,11,9,0,1069,100,3,3454,418,162,4180,829,403,28,67,312,126,4,3,365,13,36,42,91,0,0,0,194412,28956,96056,727163,99059,3841185,2365331,110,608,12,206538,391971,1117789,547,0,319424,7032738
11916,high_touch,growth,small,1日以内,1,0,1,0,0,5,372,38,1,0,1,0,0,0,0,7735,1822,360,180,4599,78,4,77,2529,282,136,150,28,9,46,7220,15,0,0,0,0,0,500,0,0,0,0,0,0,326,75,10,303,347,1,19,12,0,114,9,1,3675,1025,1447,7468,0,0,0,0,0,0,0,0,0,0,893,34,396,0,0,0,2530137,717970,4147994,6161029,1086161,25312191,10328011,0,0,0,689311,869996,2460718,1323,0,7396101,42887392
39537,high_touch,growth,medium,NA,0,0,19,0,0,20,13,0,2,10,5,0,1,1,2,1359,427,132,96,561,146,4,5,0,0,0,0,0,0,0,1125,0,137,8,72,0,0,16,0,1,0,0,0,0,0,0,0,0,0,0,0,0,0,0,0,0,0,0,0,1066,0,0,0,0,0,0,0,0,0,0,0,0,0,0,0,0,44852,883,50548,57925,20882,178016,190904,0,0,0,318184,904079,1562455,0,0,96283,447727
33529,low_touch,enterprise,medium,1日以内,1,0,13,0,0,38,211,13,14,13,0,0,0,0,0,11346,6370,520,1135,2744,161,4,8,7509,953,48,50,24,1,85,5621,56,4941,190,114,0,0,139,0,12,149,124,0,0,0,0,0,0,0,0,0,0,0,0,0,0,0,0,0,35124,2001,1216,135,286,311,175,4,5,0,0,0,0,0,0,0,0,1135664,310652,901729,2194378,501242,13060759,10586182,0,44389,6,22065,76445,333002,0,0,2348045,26342561
21188,low_touch,growth,medium,1日以内,0,0,4,0,0,47,137,6,2,4,0,0,0,0,0,1583,634,99,206,556,115,4,2,18,7,1,1,0,0,0,966,3,526,0,0,0,0,0,0,0,88,0,0,0,1295,277,107,241,237,1,4,13,0,254,19,1,1492,441,386,8739,3255,1141,197,257,1559,54,4,2,0,0,0,209,0,0,0,0,266171,133116,147426,1425942,204978,7066621,6506309,0,2900,0,52128,202118,611245,209,0,546713,15203850
36306,tech_touch,growth,small,1日以内,0,0,5,0,0,5,196,14,2,5,0,0,0,0,0,1228,805,40,139,213,100,4,5,0,0,0,0,0,0,0,200,0,305,4,268,0,0,12,0,18,0,421,0,0,0,0,0,0,0,0,0,0,0,0,0,0,0,0,0,976,286,97,16,26,138,90,4,2,0,0,0,13,4,0,0,0,27498,9113,20764,147781,24610,853171,545786,14,412,2,23677,180935,315323,17,0,57375,1571348
39933,low_touch,growth,small,NA,1,0,1,0,0,1,0,0,0,0,0,0,0,1,0,7,7,0,0,0,110,0,2,7,0,0,0,0,0,0,0,7,0,0,0,0,0,0,0,0,0,0,0,0,0,0,0,0,0,0,0,0,0,0,0,0,0,0,0,0,0,0,0,0,0,0,0,0,0,0,0,0,0,0,0,0,0,0,0,0,0,0,0,0,0,0,0,0,0,0,0,0,0
21484,low_touch,growth,medium,1日以内,0,0,7,0,0,33,244,9,4,7,0,0,0,0,0,4985,2064,287,458,2007,108,4,4,23,31,13,67,4,2,2,3251,82,1000,40,152,0,0,125,0,155,123,57,0,0,577,106,22,122,88,2,6,1,0,90,7,0,574,150,211,16332,5220,1707,334,493,2550,72,4,5,417,249,5,12,89,3,0,0,553670,218337,324603,1516234,332159,11824556,6031843,54,22489,5,78653,326914,619628,772,3,1096610,19704792
18151,tech_touch,growth,small,30日以内,0,0,1,0,0,1,0,2,0,0,0,0,0,0,1,0,0,0,0,0,0,0,0,0,0,0,0,0,0,0,0,0,0,0,0,0,0,0,0,0,0,0,0,0,0,0,0,0,0,0,0,0,0,0,0,0,0,0,0,0,0,0,0,0,0,0,0,0,0,0,0,0,0,0,0,0,0,0,0,0,0,0,0,0,0,0,0,0,0,0,0,0,0
24685,low_touch,growth,larger,1日以内,0,0,16,0,0,137,163,683,18,3,9,0,0,0,4,10849,2373,983,491,6173,41,4,9,0,0,0,0,0,0,0,10477,0,0,0,0,0,0,372,0,0,0,0,0,0,0,0,0,0,0,0,0,0,0,0,0,0,0,0,0,25060,0,0,0,0,0,0,0,0,2,0,110,8,60,0,0,0,1044741,679079,3454719,3170774,1222485,21951352,19115340,0,0,0,173899,571554,1712036,180,0,5178539,45459951
14752,tech_touch,growth,medium,1日以内,0,0,2,0,0,8,26,3,3,1,0,0,1,0,0,681,267,91,49,223,119,3,4,0,0,0,0,0,0,0,494,0,146,4,0,0,0,37,0,0,0,0,0,0,377,98,16,95,214,3,3,1,1,53,21,1,738,438,212,1653,62,30,14,8,6,152,3,4,0,0,0,17,27,0,0,0,35450,10334,30369,100781,24164,1022537,603061,0,0,0,170356,996565,1069778,44,0,76153,1750543
37556,high_touch,enterprise,medium,1日以内,1,0,2,3,3,9,81,4,1,0,2,0,0,0,0,8832,1845,459,221,5319,38,4,65,2540,343,298,217,32,16,75,8832,0,0,0,0,0,0,0,0,0,0,0,0,0,0,0,0,0,0,0,0,0,0,0,0,0,0,0,0,13616,0,0,0,0,0,0,0,0,9,0,0,14,1,0,0,0,1516702,333988,3395096,3414305,928774,14820863,9434986,0,0,0,30135,66297,248553,24,0,5245786,28598928
11453,low_touch,enterprise,large,3日以内,0,0,6,0,0,61,160,258,4,6,0,0,0,0,0,5023,2442,308,576,1451,122,4,3,24,8,0,2,1,0,0,2231,13,2607,1,0,0,0,0,0,0,49,122,0,0,4383,871,162,1108,739,13,29,33,1,940,107,5,5533,882,1120,19212,176,71,28,24,46,144,3,2,23,4,8,5,4,0,0,0,693821,347591,366481,2638642,549809,19503563,12437551,20,27030,10,59688,343554,367114,44,0,1407893,35129565
32935,tech_touch,growth,small,30日以内,1,1,1,0,0,1,661,1,1,1,0,0,0,0,0,264,173,23,27,32,109,4,5,209,4,2,2,14,0,2,73,2,81,0,85,0,0,9,0,0,0,0,0,0,0,0,0,0,0,0,0,0,0,0,0,0,0,0,0,244,65,32,4,7,17,143,4,5,60,0,0,0,0,0,0,0,8307,1496,2513,33810,5335,402126,122425,0,31,0,335582,1517187,3406559,60,0,12316,563696
38614,low_touch,enterprise,medium,NA,0,0,2,0,0,50,0,0,6,1,1,0,0,0,0,172,58,25,20,56,77,4,2,0,0,0,0,0,0,0,172,0,0,0,0,0,0,0,0,0,0,0,0,0,0,0,0,0,0,0,0,0,0,0,0,0,0,0,0,588,0,0,0,0,0,0,0,0,0,0,0,0,0,0,0,0,13213,5351,43168,118129,31372,622823,502582,0,0,0,19435,94555,288971,0,0,61732,1274906
22639,high_touch,enterprise,larger,1日以内,1,0,10,3201,6,3818,55,574,2,0,10,0,0,0,0,178040,42927,17502,9650,93296,30,4,3,75705,6094,530,2338,305,50,1223,163439,0,0,0,0,0,0,14601,0,0,0,0,0,0,405,360,51,878,2661,17,44,38,0,81,36,5,8614,5318,5774,105972,0,0,0,0,0,0,0,0,0,0,560,9,109,0,0,0,2935013,7760062,27662244,45047552,18709793,470227957,525825954,63,0,0,51600,265910,571656,678,0,38357319,1059811256
5203,low_touch,growth,medium,1日以内,0,0,6,0,0,23,309,135,8,6,0,0,0,0,0,2549,1336,97,119,891,69,4,4,0,0,0,0,0,0,0,1750,2,491,27,231,0,0,43,0,5,0,0,0,0,1443,192,33,493,93,1,7,5,0,188,23,2,1704,245,439,3553,2500,1047,93,115,1170,42,4,3,0,0,0,183,18,0,0,0,98462,37402,111702,859398,199322,3842024,3477477,7,1800,0,254095,1384604,3204643,201,0,247566,8378221
37563,high_touch,enterprise,larger,1日以内,0,0,2,369,13,428,334,3,1,0,2,0,0,0,0,20452,10282,1991,768,5838,62,4,3,916,0,0,0,0,0,0,16183,0,0,0,0,0,0,4269,0,0,0,0,0,0,13,5,0,86,13,0,1,0,0,5,0,0,865,108,283,18296,16763,7564,1839,541,6012,53,4,2,0,0,0,9,2,0,0,0,1001665,2650533,3402402,7935246,8993410,36784531,160447452,2,0,0,4736,96352,167991,11,0,7054600,214160639
10429,tech_touch,growth,small,61日以上,0,0,1,0,0,1,736,1,1,0,0,0,1,0,0,49,38,4,2,4,159,4,3,0,0,0,0,0,0,0,49,0,0,0,0,0,0,0,0,0,0,0,0,0,14,0,0,16,21,0,0,0,0,1,0,0,91,21,3,0,79,66,6,4,2,131,4,3,0,0,0,0,0,0,0,0,17001,5668,6163,65179,5708,276548,67238,2,0,0,52431,208736,414157,0,0,28832,414673
37263,tech_touch,growth,small,7日以内,1,1,1,0,0,1,694,3,1,0,0,0,0,0,1,93,85,0,0,6,153,5,6,8,25,1,41,8,0,4,88,0,0,0,0,0,0,0,0,0,0,0,0,0,0,0,0,0,0,0,0,0,0,0,0,0,0,0,0,204,95,86,0,0,7,143,5,5,0,0,0,0,6,0,0,0,5534,272,4794,56380,13119,166146,100007,0,0,0,251152,964766,2812659,6,0,10600,335652
1156,tech_touch,growth,small,61日以上,0,0,1,0,0,5,2,1,2,0,0,0,1,0,0,95,14,1,3,77,107,5,2,0,0,0,0,0,0,0,95,0,0,0,0,0,0,0,0,0,0,0,0,0,9,0,0,40,5,0,0,0,0,5,0,0,79,18,10,51,1,1,0,0,0,63,5,1,0,0,0,0,0,0,0,0,39922,63745,61732,103390,18613,383365,267748,0,0,0,384194,1599313,3110270,0,0,165399,773116
23794,tech_touch,growth,medium,1日以内,0,0,9,0,0,9,37,4,1,4,3,0,2,0,0,148,75,7,15,39,139,4,2,0,0,0,0,0,0,0,117,0,29,1,0,0,0,1,0,0,0,0,0,0,122,14,3,14,11,1,0,0,0,20,0,0,222,32,58,119,38,37,0,0,1,104,5,4,0,0,0,3,0,0,0,0,594,14,814,1112,241,5395,1562,0,0,0,18089,23727,169958,3,0,1422,8310
12244,high_touch,enterprise,larger,1日以内,0,0,5,48,19,122,132,493,9,0,5,0,0,0,0,5481,1079,941,359,2705,70,3,4,0,0,0,0,0,0,0,5326,0,0,0,0,0,0,155,0,0,0,0,0,0,241,253,24,348,968,7,18,30,0,31,14,0,3294,2562,2040,7999,5191,1172,919,399,2271,72,4,3,31,0,76,108,64,0,0,0,749512,619207,3136480,6867795,5452540,38603175,82656835,54,0,0,129095,341165,429982,279,0,4505199,133580345
30064,high_touch,growth,large,7日以内,0,0,6,0,0,72,36,35,4,6,0,0,0,0,0,3202,715,335,171,1923,37,4,1,53,0,0,0,0,0,0,187,0,85,2,0,0,0,15,0,2913,0,0,0,0,0,0,0,0,0,0,0,0,0,0,0,0,0,0,0,301,59,28,8,9,9,91,4,2,0,0,0,0,7,0,0,0,149049,70350,106651,388174,68418,3182054,1234051,0,0,0,27503,121522,366758,7,0,326050,4872697
2542,low_touch,growth,medium,1日以内,0,0,11,0,0,25,289,15,4,11,0,0,0,0,0,8303,4674,278,837,1869,174,4,7,219,42,5,31,1,0,0,1754,5,5193,91,0,0,0,36,0,88,419,717,0,0,11919,1115,703,2694,1069,21,90,25,1,1765,245,36,13042,1335,3966,31393,2148,887,111,195,857,112,4,3,0,0,0,0,0,0,0,0,540065,248681,581439,2303036,420415,10963287,6326468,0,6441,121,101976,471427,636009,0,0,1370185,20013206
40031,high_touch,enterprise,larger,1日以内,0,0,1,1,1,2078,37,0,2,0,0,0,0,0,1,30652,7853,6773,1271,13665,54,3,2,33,0,0,0,0,0,0,30652,0,0,0,0,0,0,0,0,0,0,0,0,0,0,0,0,0,0,0,0,0,0,0,0,0,0,0,0,8768,18985,5248,3217,736,9037,44,3,2,0,0,0,0,0,0,0,0,4634171,8871081,4531523,23500441,13507681,111926827,142375971,123,0,0,776251,596662,2692231,0,0,18036775,291310920
11651,low_touch,enterprise,medium,1日以内,0,0,12,26,25,32,182,103,3,12,0,0,0,0,0,4626,2030,453,604,1238,119,4,5,117,1,0,3,0,0,2,2868,8,1401,96,81,0,0,59,0,113,0,0,0,0,4961,1300,285,383,630,28,48,48,1,274,74,5,4732,1404,1748,10305,3199,1236,361,409,1048,89,4,4,135,0,0,5,16,0,0,0,101438,10919,115655,836703,192039,6489440,6147367,12,178,0,176560,488647,1799109,156,0,228012,13665549
21189,tech_touch,growth,small,7日以内,0,0,1,0,0,1,0,152,1,0,0,0,0,0,1,27,9,1,2,10,35,5,3,0,0,0,0,0,0,0,26,0,0,0,0,0,0,1,0,0,0,0,0,0,4,0,0,2,3,0,0,0,0,0,0,0,12,4,8,246,1,0,1,0,0,36,2,1,0,0,0,57,0,0,0,0,9010,1064,13241,46501,3657,172868,34269,0,0,0,87938,179486,561894,57,0,23315,257295
19504,tech_touch,small,NA,NA,0,0,2,0,0,0,0,1,0,1,0,1,0,0,0,0,0,0,0,0,0,0,0,0,0,0,0,0,0,0,0,0,0,0,0,0,0,0,0,0,0,0,0,0,0,0,0,0,0,0,0,0,0,0,0,0,0,0,0,0,0,0,0,0,0,0,0,0,0,0,0,0,0,0,0,0,0,0,0,0,0,0,0,0,0,0,0,0,0,0,0,0,0
27292,low_touch,enterprise,larger,1日以内,0,0,1,154,2,641,159,2,1,0,0,0,0,0,1,11150,2411,2543,938,4696,53,3,2,0,0,0,0,0,0,0,10462,0,0,0,0,0,0,688,0,0,0,0,0,0,2,0,1,8,18,0,2,2,0,1,0,0,57,14,38,11481,2603,1279,634,436,99,81,3,1,0,0,0,15,2,0,0,0,4287894,4888974,6273718,5465348,1985876,89280866,77990060,0,457,0,31366,67754,183145,17,0,15450586,174722150
30130,tech_touch,small,small,1日以内,0,0,2,0,0,4,348,6,2,2,0,0,0,0,0,17,6,1,2,8,31,4,1,0,0,0,0,0,0,0,16,0,0,0,0,0,0,1,0,0,0,0,0,0,0,0,0,0,0,0,0,0,0,0,0,0,0,0,0,76,4,0,0,0,4,0,4,2,0,0,0,5,0,0,0,0,1587,629,3443,5940,1987,77574,81782,0,0,0,76849,562681,1055501,5,0,5659,167283
29272,low_touch,small,larger,1日以内,0,0,1,0,0,278,308,1,1,0,0,0,0,0,1,16,4,5,2,4,51,3,1,0,0,0,0,0,0,0,16,0,0,0,0,0,0,0,0,0,0,0,0,0,0,0,0,0,0,0,0,0,0,0,0,0,0,0,0,76,0,0,0,0,0,0,0,0,0,0,22,1,6,0,0,0,52256,2092,292988,353402,110296,589951,392499,0,0,0,37877,249487,483634,29,0,347336,1446148
5026,high_touch,enterprise,larger,1日以内,0,0,23,0,0,2636,450,41,13,23,0,0,0,0,0,172738,37726,17711,10376,97811,37,4,5,619,100,13,9,0,6,14,172738,0,0,0,0,0,0,0,0,0,0,0,0,0,32038,17446,2241,15759,21979,587,849,2599,21,8347,2323,116,61420,31970,23190,595430,258,99,31,28,89,83,4,3,0,0,0,192,285,0,0,0,16807845,8158302,33455441,64615597,28623140,683312864,776534657,0,5997,0,154336,515591,783596,477,0,58421588,1553086258
6667,tech_touch,small,medium,1日以内,0,0,1,0,0,16,77,1,3,0,1,0,0,0,0,835,139,98,48,501,26,4,4,0,0,0,0,0,0,0,823,0,0,0,0,0,0,12,0,0,0,0,0,0,10,9,3,43,30,2,3,2,0,5,0,0,296,159,151,451,23,7,1,2,9,99,4,2,0,56,0,7,7,0,0,0,34468,47388,244303,280544,136345,2638204,2200629,17,0,0,325958,1097568,2354439,70,0,326159,5255722
12543,tech_touch,growth,small,1日以内,0,0,2,0,0,5,0,61,1,0,1,0,0,0,1,263,66,11,10,155,33,4,4,0,0,0,0,0,0,0,252,0,0,0,0,0,0,11,0,0,0,0,0,0,12,7,2,5,17,0,0,1,0,1,0,0,153,18,35,414,866,195,59,36,489,21,4,4,15,5,0,42,39,0,0,0,13726,22401,54747,52582,19059,284343,248960,0,0,0,23072,114727,286316,101,0,90874,604944
36797,tech_touch,growth,small,30日以内,1,0,1,0,0,1,129,3,1,1,0,0,0,0,0,0,0,0,0,0,0,0,0,0,0,0,0,0,0,0,0,0,0,0,0,0,0,0,0,0,0,0,0,0,0,0,0,0,0,0,0,0,0,0,0,0,0,0,0,0,0,0,0,0,0,0,0,0,0,0,0,0,0,0,0,0,0,2,173,105,30,861,635,0,0,0,336,1222,4386,0,0,175,1631
12871,tech_touch,small,medium,1日以内,0,0,6,0,0,32,568,130,4,6,0,0,0,0,0,5031,3151,202,222,1339,51,4,4,0,0,0,0,0,0,0,2527,0,73,0,1997,0,0,268,0,166,0,0,0,0,2008,296,23,1684,285,3,40,28,0,238,41,0,2433,366,447,3510,4853,1717,347,326,2342,48,4,4,61,4,0,42,105,0,0,0,328547,367950,261949,536918,114649,8102279,4059290,19,440,0,72164,138624,243718,212,0,958446,12813136
20824,tech_touch,enterprise,small,7日以内,0,0,4,0,0,5,0,9,0,2,2,0,0,0,0,0,0,0,0,0,0,0,0,0,0,0,0,0,0,0,0,0,0,0,0,0,0,0,0,0,0,0,0,0,0,0,0,0,0,0,0,0,0,0,0,0,0,0,0,0,0,0,0,0,0,0,0,0,0,0,0,0,0,0,0,0,0,0,0,0,0,0,0,0,0,0,0,0,0,0,0,0,0
19934,tech_touch,growth,small,1日以内,0,0,1,0,0,1,111,1,1,1,0,0,0,0,0,72,39,4,3,17,179,4,3,0,0,0,0,0,0,0,23,0,37,0,12,0,0,0,0,0,0,0,0,0,90,4,0,18,3,2,0,0,0,14,1,0,131,17,25,199,68,33,1,3,27,119,4,4,4,0,0,5,2,0,1,1,2151,506,3172,19186,4449,49692,53013,0,56,0,165185,583714,1436917,11,2,5829,126340
39932,tech_touch,growth,small,NA,1,1,1,0,0,1,716,1,1,1,0,0,0,0,0,1344,616,15,43,641,112,4,41,216,362,53,27,8,8,29,1280,2,46,0,0,0,0,3,0,0,13,0,0,0,0,0,0,0,0,0,0,0,0,0,0,0,0,0,0,1517,205,164,8,14,14,224,3,10,0,0,0,0,0,0,0,0,10475,1644,7647,39425,9655,287637,180648,24,1023,0,34702,222041,510468,0,0,19766,517365
1090,low_touch,growth,medium,7日以内,0,0,4,0,0,18,52,4,3,2,0,2,0,0,0,4773,1506,294,480,2371,162,4,11,226,82,22,42,4,3,48,4305,93,24,1,8,0,0,272,0,0,47,23,0,0,443,236,39,790,749,20,406,574,9,282,47,8,5452,2080,1328,7179,8384,2465,516,886,4306,90,4,12,0,0,0,0,0,0,0,0,784620,165942,1672749,3801694,4821303,20034129,17742175,222,49,0,171230,363549,496485,0,0,2623311,46399301
32077,low_touch,enterprise,medium,1日以内,0,0,1,18,4,18,210,10,1,0,0,0,1,0,0,3186,1681,31,97,1357,64,5,13,0,0,0,0,0,0,0,3186,0,0,0,0,0,0,0,0,0,0,0,0,0,0,0,0,0,0,0,0,0,0,0,0,0,0,0,0,0,3279,1743,49,112,1360,143,4,5,0,2,0,4,4,0,0,0,40936,62471,120481,283460,46493,1810449,629135,0,0,0,273735,885810,1303043,10,0,223888,2769537
35154,low_touch,enterprise,small,1日以内,0,0,1,4,1,4,313,4,1,0,1,0,0,0,0,573,358,20,8,174,26,4,12,0,0,0,0,0,0,0,572,0,0,0,0,0,0,1,0,0,0,0,0,0,0,0,0,0,0,0,0,0,0,0,0,0,0,0,0,3,532,408,27,9,70,40,4,6,8,0,0,22,7,0,0,0,1007,1978,4810,24427,3172,101634,31519,0,0,0,292852,481355,1061727,37,0,7795,160752
29965,high_touch,growth,medium,60日以内,1,0,1,0,0,47,234,121,1,0,1,0,0,0,0,231,49,100,10,48,70,3,1,161,15,2,3,0,0,2,228,0,0,0,0,0,0,3,0,0,0,0,0,0,0,0,0,0,0,0,0,0,0,0,0,0,0,0,0,405,0,0,0,0,0,0,0,0,0,0,275,0,0,0,0,0,5272,22002,210139,184271,443196,1493030,11086097,0,0,0,83300,357151,1035382,275,0,237413,13206594
21190,tech_touch,small,larger,1日以内,0,0,1,0,0,108,348,11,25,1,0,0,0,0,0,9049,2528,434,592,5170,76,4,7,158,22,5,3,2,0,2,9049,0,0,0,0,0,0,0,0,0,0,0,0,0,3876,1051,174,1015,890,13,39,16,0,1001,176,14,4644,1439,1365,35255,1936,842,105,117,799,81,4,3,15358,916,0,20,338,0,0,0,871307,243700,814548,4891334,1001219,26108767,18619341,417,14524,18,42137,532225,650394,16632,0,1929555,50620661
19141,tech_touch,growth,small,1日以内,0,0,1,0,0,1,63,3,1,1,0,0,0,0,0,22,9,0,2,10,63,5,2,0,0,0,0,0,0,0,20,0,2,0,0,0,0,0,0,0,0,0,0,0,18,2,0,2,4,0,2,0,0,0,0,0,32,0,0,179,23,9,0,2,11,32,5,2,0,0,0,4,0,0,0,0,7569,6115,5203,9245,2428,107315,66712,0,0,0,726543,717711,2310682,4,0,18887,185700
25543,tech_touch,small,large,7日以内,0,0,8,0,0,52,132,10,7,2,4,1,0,0,1,670,243,42,38,270,53,4,2,0,0,0,0,0,0,0,517,0,25,0,0,0,0,128,0,0,0,0,0,0,0,0,0,0,0,0,0,0,0,0,0,0,0,0,0,2364,54,42,0,4,7,104,4,3,0,0,0,8,0,0,0,0,181159,25165,198556,797620,127945,4677694,2406456,32,0,0,745506,534135,1962576,8,0,404880,8009715
6040,tech_touch,small,larger,1日以内,0,0,7,0,0,314,127,307,13,0,7,0,0,0,0,16677,3267,2657,1055,8475,65,3,4,0,0,0,0,0,0,0,15761,0,0,0,0,0,0,916,0,0,0,0,0,0,550,656,64,927,2457,12,50,68,0,92,40,2,9133,6547,5381,22448,10598,2114,1683,700,5314,59,4,4,4213,105,105,262,184,0,0,0,2287532,2144061,10031054,14971574,13227408,97746984,226063346,154,0,0,269745,469684,641321,4869,0,14462647,352009312
107,high_touch,enterprise,larger,1日以内,0,0,3,348,1,1626,250,57,1,3,0,0,0,0,0,56507,10731,4697,2298,38048,30,4,1,11,0,0,0,0,0,0,5498,0,515,15,0,0,0,631,0,49848,0,0,0,0,9541,5465,361,5598,5321,58,43,49,1,89,16,3,9856,4217,2534,5393,147,39,33,11,57,40,4,2,0,0,10,25,262,0,0,0,3041234,1898325,3201733,10148446,23667258,72562518,440492499,1,0,0,44520,81424,345477,297,0,8141292,546870721
14588,low_touch,growth,medium,1日以内,0,0,1,0,0,20,131,71,1,1,0,0,0,0,0,346,104,42,19,165,59,4,2,0,0,0,0,0,0,0,309,1,14,3,0,1,0,18,0,0,0,0,0,0,118,42,4,41,58,1,3,3,0,21,3,0,168,93,55,926,314,85,34,14,171,52,4,1,539,0,0,3,6,0,0,0,91886,108086,70246,196270,38172,2340961,1100906,0,0,0,82999,734202,1920270,548,0,270218,3676309
13204,low_touch,growth,larger,1日以内,1,0,4,0,0,173,203,15,2,4,0,0,0,0,0,13998,4100,1738,1072,6150,73,4,2,7034,506,247,90,25,8,93,9023,35,1626,178,13,0,0,781,0,2342,0,0,0,0,5913,2630,336,1448,1931,18,34,94,2,318,167,10,7577,3424,2566,67152,15780,4186,2118,1188,7403,48,4,4,0,0,26,60,1,0,0,0,843640,260411,1168068,5149446,1302102,38411542,28606942,9,60,0,49451,285465,850819,87,0,2272119,73470032
21287,tech_touch,growth,small,1日以内,0,0,2,0,0,3,0,51,1,0,0,2,0,0,0,474,166,24,38,232,114,4,9,148,2,1,1,0,0,1,455,4,0,0,0,0,0,15,0,0,0,0,0,0,124,24,4,82,60,1,30,35,0,67,16,3,671,175,71,5134,0,0,0,0,0,0,0,0,0,10,2,42,7,0,0,0,134976,16115,150019,182417,451320,1192671,1484000,0,0,0,34436,90902,319557,61,0,301110,3310408
34521,high_touch,enterprise,medium,1日以内,1,0,3,15,10,15,235,3,2,3,0,0,0,0,0,5132,3537,161,293,1021,166,4,10,1325,1792,456,307,53,64,115,4175,124,707,26,5,0,0,15,0,0,7,73,0,0,0,0,0,0,0,0,0,0,0,0,0,0,0,0,0,9820,6341,4052,196,352,1616,128,4,9,186,0,29,26,29,0,38,33,202987,79756,364904,1208644,330948,5277266,5137649,645,43388,10,52068,329682,805044,270,71,647647,11954507
20692,tech_touch,growth,medium,3日以内,0,0,1,0,0,12,18,2,1,1,0,0,0,0,0,1458,565,96,136,558,97,4,6,0,0,0,0,0,0,0,1096,0,305,22,1,0,0,11,0,23,0,0,0,0,943,158,70,137,128,4,1,2,0,42,11,1,1257,245,568,501,0,0,0,0,0,0,0,0,0,0,0,0,0,0,0,0,7169,0,6783,16100,3170,97975,65564,0,0,0,55680,232357,822922,0,0,13952,182809
11848,low_touch,growth,medium,1日以内,0,0,6,0,0,34,385,115,8,6,0,0,0,0,0,2772,1139,266,255,1001,80,4,3,0,0,0,0,0,0,0,1958,2,484,27,200,0,0,99,0,0,2,0,0,0,1914,602,112,443,472,12,8,44,0,184,74,3,2192,768,734,7987,5044,1584,351,394,2545,41,4,4,2218,184,0,131,103,0,0,0,195701,54333,190500,675858,159308,5109825,3963782,10,643,0,1364079,1264741,4466078,2636,0,440534,9908773
14656,tech_touch,small,medium,1日以内,0,0,7,0,0,19,111,30,5,7,0,0,0,0,0,1064,429,165,100,293,103,3,2,0,0,0,0,0,0,0,668,0,154,6,174,0,0,45,0,17,0,0,0,0,649,203,67,108,356,2,2,7,0,55,16,0,623,403,406,3079,149,59,51,25,5,152,3,1,142,0,0,8,2,0,0,0,107469,37190,101050,467931,142369,5906312,3739949,0,67,0,92571,407752,818404,152,0,245709,10256561
13203,tech_touch,small,medium,1日以内,0,0,3,0,0,13,222,3,4,3,0,0,0,0,0,1266,517,244,148,319,112,3,4,626,168,30,81,13,2,39,1047,6,117,4,29,0,0,57,0,0,6,0,0,0,736,299,47,282,578,2,5,23,0,97,29,1,798,496,222,3802,600,64,292,71,153,136,2,2,0,0,0,15,14,29,28,28,204283,92847,184608,469009,137145,4445736,4187076,0,8366,0,406768,853889,1964775,29,85,481738,9238966
36107,low_touch,growth,larger,1日以内,0,0,1,0,0,114,255,13,3,0,0,0,1,0,0,1883,537,329,139,775,49,3,2,0,0,0,0,0,0,0,1790,0,0,0,0,0,0,93,0,0,0,0,0,0,1,0,0,2,3,0,0,0,0,0,0,0,3,8,3,563,1,1,0,0,0,26,4,1,0,0,0,12,26,0,0,0,117234,38037,148179,218151,92367,2207324,1410981,0,0,0,95881,406334,902691,38,0,303450,3928823
23926,low_touch,growth,large,1日以内,0,0,8,0,0,61,78,11,4,7,0,0,0,1,0,2526,1052,246,193,888,57,4,2,0,0,0,0,0,0,0,1866,7,55,2,56,0,0,540,0,0,0,0,0,0,226,91,10,606,269,0,48,39,0,86,17,1,1816,663,618,6271,931,353,89,73,381,60,4,3,0,0,0,32,19,0,0,0,298935,389119,331567,556404,133164,5367599,2692557,1,2369,0,130498,550902,2060377,51,0,1019621,8749724
13729,low_touch,growth,medium,30日以内,0,0,5,0,0,20,180,19,5,2,3,0,0,0,0,308,117,10,9,132,70,4,2,0,0,0,0,0,0,0,240,4,0,0,0,0,0,64,0,0,0,0,0,0,47,6,2,13,8,0,2,0,0,30,0,0,300,51,110,1508,43,17,1,3,20,145,5,2,11,0,213,98,40,0,0,0,64557,7466,100431,739424,86131,2925825,1365750,1,0,0,194629,643138,591122,362,0,172454,5117130
34288,tech_touch,growth,small,7日以内,0,0,1,0,0,2,285,1,1,1,0,0,0,0,0,179,103,6,9,51,129,4,3,15,6,0,0,0,0,0,120,0,41,1,0,0,0,17,0,0,0,0,0,0,0,0,0,0,0,0,0,0,0,0,0,0,0,0,0,704,193,88,16,15,70,121,4,7,0,0,0,2,0,0,0,0,20135,1562,24229,85276,12496,712591,181671,0,0,0,237455,403361,1064732,2,0,45926,992034
30493,low_touch,growth,small,1日以内,0,0,5,0,0,5,199,32,2,2,0,0,0,0,3,288,106,17,30,127,51,4,4,0,0,0,0,0,0,0,257,0,24,0,0,0,0,7,0,0,0,0,0,0,0,0,0,0,0,0,0,0,0,0,0,0,0,0,0,2058,71,25,7,9,27,56,4,5,63,0,0,8,46,0,0,0,70384,17175,219209,99130,63317,432146,318358,0,1,0,632560,525577,2172243,117,0,306768,912951
18415,high_touch,enterprise,larger,3日以内,0,0,6,703,6,730,89,516,2,0,6,0,0,0,0,59387,12103,4125,2090,36556,23,4,5,100,3,1,1,0,0,1,56071,0,0,0,0,0,0,3316,0,0,0,0,0,0,109,77,11,265,295,3,11,12,0,41,13,1,1924,801,1288,68047,7,6,0,1,0,58,4,1,20,0,93,68,119,0,0,0,2281849,3432781,10429856,17924486,8655770,103610157,148138398,7,0,0,438598,1949718,3976529,300,0,16144486,278328811
2641,low_touch,enterprise,large,1日以内,0,0,8,75,26,86,99,35,7,1,0,0,0,3,4,3287,517,912,265,1333,72,3,3,312,42,3,10,3,0,9,3031,0,7,0,0,0,0,249,0,0,0,0,0,0,32,40,4,226,882,7,5,4,0,31,18,0,1485,2345,859,4148,181,51,71,28,16,110,3,3,0,0,0,1,1,0,0,0,230829,121960,695791,1600917,402897,12809445,9134069,0,0,0,200595,936256,1893353,2,0,1048580,23947328
11947,low_touch,growth,medium,3日以内,0,0,2,0,0,15,313,376,2,0,2,0,0,0,0,87,35,20,13,8,75,3,1,0,0,0,0,0,0,0,42,0,0,0,0,0,0,45,0,0,0,0,0,0,3,1,0,11,33,0,0,0,0,0,0,0,80,47,39,44,64,19,16,9,18,65,3,1,1262,0,0,53,149,23,49,0,8114,9683,32814,65668,23646,357596,380509,0,0,0,331488,844380,1731559,1464,72,50611,827419
39472,low_touch,growth,medium,30日以内,0,0,9,0,0,13,243,9,2,9,0,0,0,0,0,1569,706,167,106,506,87,4,5,0,0,0,0,0,0,0,1113,0,205,21,83,4,0,15,0,128,0,0,0,0,0,0,0,0,0,0,0,0,0,0,0,0,0,0,0,2625,313,95,61,30,102,62,4,4,0,0,0,0,0,0,0,0,15449,5232,43212,170942,40273,1796055,1436199,0,70,0,54583,154013,614381,0,0,63893,3443469
35806,tech_touch,growth,small,30日以内,1,0,1,0,0,1,158,2,1,1,0,0,0,0,0,519,416,6,5,80,93,5,23,68,337,15,5,4,0,10,399,120,0,0,0,0,0,0,0,0,0,0,0,0,0,0,0,0,0,0,0,0,0,0,0,0,0,0,0,87,11,11,0,0,0,109,5,3,0,0,0,27,0,0,0,0,2839,391,3636,12403,2722,69547,88665,5,19,0,37859,328264,822514,27,0,6866,173337
9637,low_touch,enterprise,medium,1日以内,0,0,2,25,16,27,98,198,2,2,0,0,0,0,0,3125,921,367,233,1416,83,4,3,0,0,0,0,0,0,0,2173,5,416,1,0,0,0,165,0,365,0,0,0,0,1706,494,128,433,563,6,8,55,0,79,16,3,2202,633,701,10896,241,72,17,15,122,64,4,4,217,0,0,4,12,0,0,0,127071,51749,388230,534443,219209,7204882,10634559,5,0,0,239889,540575,1052611,233,0,567050,18593093
20330,tech_touch,growth,small,30日以内,0,0,1,0,0,1,70,3,1,0,0,0,0,0,1,10,8,1,1,0,92,5,3,0,0,0,0,0,0,0,10,0,0,0,0,0,0,0,0,0,0,0,0,0,0,0,0,11,0,0,0,0,0,0,0,0,14,7,1,3,10,8,1,1,0,92,5,3,0,0,0,3,0,0,2,2,193,0,1340,1217,238,1454,1111,0,0,0,317904,1187911,1991695,3,4,1533,4020
22573,high_touch,enterprise,larger,1日以内,1,1,14,632,30,672,380,59,7,13,0,0,0,0,1,74946,25131,8049,6683,31743,84,4,5,42189,694,164,407,128,24,366,63774,33,5404,0,1949,0,0,3749,0,0,0,0,0,0,2388,928,158,934,896,22,53,52,0,188,51,2,3498,1294,1213,216304,133305,40237,10414,10165,68124,41,4,5,67,0,16,166,12,0,0,0,11925451,7777317,15473565,22969010,7586286,331089078,201497542,14,155190,0,29079,149516,579941,261,0,35176333,563141916
37438,high_touch,growth,medium,1日以内,0,0,2,0,0,45,1,3,1,0,1,0,0,0,1,5029,1318,387,253,2314,113,4,11,1252,38,5,17,2,0,7,4398,7,436,15,0,0,0,173,0,0,0,0,0,0,584,190,123,36,51,2,4,0,2,38,16,5,2131,658,1440,1421,0,0,0,0,0,0,0,0,0,0,0,0,0,0,0,0,83767,4602,263912,169728,79943,442050,568922,0,0,0,77594,106255,370725,0,0,352281,1260643
38086,tech_touch,enterprise,small,1日以内,0,0,1,1,1,1,307,1,1,1,0,0,0,0,0,28,24,0,1,3,184,4,2,0,0,0,0,0,0,0,8,0,19,1,0,0,0,0,0,0,0,0,0,0,0,0,0,0,0,0,0,0,0,0,0,0,0,0,0,116,0,0,0,0,0,0,0,0,0,0,0,0,0,0,0,0,523,311,1612,5201,1079,24004,26031,0,58,0,179056,456162,630081,0,0,2446,56315
19505,tech_touch,small,small,3日以内,0,0,4,0,0,4,275,1,2,4,0,0,0,0,0,957,497,39,23,377,40,4,11,0,0,0,0,0,0,0,868,0,60,0,29,0,0,0,0,0,0,0,0,0,247,31,2,119,79,0,0,1,0,54,12,1,435,106,51,146,1288,675,99,40,455,51,4,9,0,0,0,76,3,0,0,1,27769,8585,25527,109186,15452,1231303,393267,5,662,0,60451,220256,599172,79,1,61881,1749208
38349,tech_touch,growth,small,60日以内,0,0,1,0,0,1,618,1,1,0,0,0,1,0,0,32,23,0,4,5,128,5,2,0,0,0,0,0,0,0,6,0,0,0,0,0,26,0,0,0,0,0,0,0,0,0,0,0,0,0,0,0,0,0,0,0,0,0,0,4,12,7,0,0,5,110,5,1,0,0,0,0,0,0,0,0,3543,538,1259,3248,869,19859,20991,0,0,0,226074,560814,1608649,0,0,5340,44967
10066,tech_touch,growth,medium,1日以内,0,0,1,0,0,14,169,137,1,0,1,0,0,0,0,1550,1376,6,13,135,58,5,5,0,0,0,0,0,0,0,1351,0,0,0,0,0,0,199,0,0,0,0,0,0,487,3,0,1259,8,0,9,0,0,52,0,0,1613,39,46,89,2005,1755,6,15,211,61,5,6,120,47,172,43,101,0,0,0,24349,14063,47137,159067,24015,1354893,454158,0,0,0,34401,276856,327036,483,0,85549,1992133
41,high_touch,growth,medium,1日以内,0,0,28,32,32,41,288,321,12,28,0,0,0,0,0,4883,2489,361,619,1123,121,4,4,136,12,2,2,2,0,2,1455,15,2472,66,213,0,0,31,0,0,135,496,0,0,4779,1058,405,996,1002,27,27,19,0,1189,134,24,4965,1265,1728,11728,2391,768,249,227,1047,86,4,3,1902,0,0,13,1853,0,0,0,244775,71073,201390,1671873,277353,8080072,4412558,53,4066,28,280141,681134,2630600,3768,0,517238,14441856
28745,high_touch,enterprise,small,1日以内,1,0,3,3,3,3,199,3,3,0,0,0,0,0,3,8271,2317,361,324,4542,117,4,130,2101,797,208,325,47,14,246,7937,12,0,0,0,0,0,322,0,0,0,0,0,0,0,0,0,0,0,0,0,0,0,0,0,0,0,0,0,5467,0,0,0,0,0,0,0,0,0,0,164,16,48,0,0,0,606291,41566,2195838,2086850,681527,11043818,6151135,0,0,0,48553,235425,836059,228,0,2843695,19963330
30790,low_touch,growth,medium,1日以内,0,0,5,0,0,48,320,218,4,2,3,0,0,0,0,3152,1843,282,191,685,113,4,5,0,0,0,0,0,0,0,2499,1,494,33,0,0,0,56,0,69,0,0,0,0,0,0,0,0,0,0,0,0,0,0,0,0,0,0,0,2384,1163,876,99,33,109,70,3,4,8,0,0,11,9,0,0,0,100496,18411,142037,317605,81424,2363872,2349049,20,0,0,755386,1023731,2702180,28,0,260944,5111950
12542,tech_touch,growth,medium,1日以内,0,0,6,0,0,6,101,16,6,5,0,0,1,0,0,1002,424,74,66,402,127,4,6,0,0,0,0,0,0,0,781,6,122,5,45,0,0,36,0,0,7,0,0,0,340,82,22,121,94,1,11,15,0,109,12,0,1083,414,161,3540,934,570,86,73,170,112,4,8,0,0,0,0,0,0,0,0,390582,46223,402539,317965,185860,2985825,2081756,47,652,0,303039,816238,1421410,0,0,839344,5571406
40992,high_touch,enterprise,medium,NA,0,0,2,0,0,44,104,0,3,2,0,0,0,0,0,3307,910,517,474,1240,76,4,5,0,0,0,0,0,0,0,3307,0,0,0,0,0,0,0,0,0,0,0,0,0,0,0,0,0,0,0,0,0,0,0,0,0,0,0,0,17542,0,0,0,0,0,0,0,0,0,0,0,0,0,0,0,0,113583,11303,139765,756213,244775,6914719,8719034,0,0,0,6157,34304,187742,0,0,264651,16634741
35278,low_touch,growth,medium,7日以内,0,0,2,0,0,10,709,15,1,2,0,0,0,0,0,507,180,33,39,210,109,4,3,0,0,0,0,0,0,0,359,0,121,7,0,0,0,20,0,0,0,0,0,0,0,0,0,0,0,0,0,0,0,0,0,0,0,0,0,914,325,90,17,15,182,66,4,3,0,0,0,9,1,0,0,3,16448,2240,34185,179885,54162,1013509,2268833,0,0,0,276467,347813,573304,10,3,52873,3516389
5090,tech_touch,NA,small,61日以上,0,0,1,0,0,1,25,0,1,1,0,0,0,0,0,12,6,0,0,6,41,4,1,6,0,0,0,0,0,0,12,0,0,0,0,0,0,0,0,0,0,0,0,0,9,0,0,1,0,0,0,0,0,1,0,0,7,0,0,96,13,5,2,0,5,53,4,1,0,0,0,0,0,0,0,0,3787,1342,3821,23388,3960,75569,55106,3,72,0,55813,89863,236417,0,0,8950,158023
39569,tech_touch,growth,small,NA,1,1,2,0,0,2,0,0,0,2,0,0,0,0,0,107,93,2,8,3,76,4,3,104,0,0,0,0,0,0,0,0,26,0,78,0,0,3,0,0,0,0,0,0,0,0,0,0,0,0,0,0,0,0,0,0,0,0,0,0,0,0,0,0,0,0,0,0,0,0,0,0,0,0,0,0,0,0,0,0,0,0,0,0,0,0,0,0,0,0,0,0,0
7558,tech_touch,small,medium,1日以内,0,0,2,0,0,21,147,4,2,0,2,0,0,0,0,600,120,120,43,255,70,3,2,0,0,0,0,0,0,0,522,0,0,0,0,0,0,78,0,0,0,0,0,0,32,34,1,32,131,2,2,2,0,2,2,1,233,262,207,716,0,0,0,0,0,0,0,0,12,18,0,1322,270,0,0,0,93865,121840,489125,879170,373225,6211083,6012845,0,0,0,50842,233098,824077,1622,0,704830,13476323
31879,tech_touch,growth,small,1日以内,1,1,1,0,0,1,290,1,1,1,0,0,0,0,0,124,85,5,6,23,156,5,3,72,13,4,5,5,0,2,58,0,40,8,12,0,0,0,0,0,0,0,0,0,0,0,0,0,0,0,0,0,0,0,0,0,0,0,0,379,76,49,3,3,19,172,5,3,70,0,0,0,1,0,0,0,4565,1331,5218,28370,7408,85643,99176,0,164,0,62699,200917,720290,71,0,11114,220597
16369,tech_touch,small,NA,NA,0,0,2,0,0,0,0,6,0,0,2,0,0,0,0,0,0,0,0,0,0,0,0,0,0,0,0,0,0,0,0,0,0,0,0,0,0,0,0,0,0,0,0,0,0,0,0,0,0,0,0,0,0,0,0,0,0,0,0,0,0,0,0,0,0,0,0,0,0,0,0,0,0,0,0,0,0,0,0,0,0,0,0,0,0,0,0,0,0,0,0,0,0
19933,tech_touch,growth,small,1日以内,0,0,1,0,0,4,52,2,2,1,0,0,0,0,0,108,69,5,5,26,120,4,2,0,0,0,0,0,0,0,52,0,21,1,30,0,0,3,0,0,1,0,0,0,109,3,1,36,9,1,0,0,0,15,2,0,133,12,8,491,36,14,2,1,16,81,4,1,43,0,0,17,18,72,38,38,16308,3032,10368,65640,16303,347357,296082,0,83,0,218157,1031003,2633176,78,148,29708,725382
8812,high_touch,growth,large,1日以内,0,0,20,0,0,67,172,427,16,20,0,0,0,0,0,10336,4560,678,1106,3300,136,4,5,258,402,43,83,4,6,44,5469,38,3359,131,314,0,0,284,0,189,0,552,0,0,10421,2105,564,1367,1540,27,30,83,0,1266,202,25,10307,2686,4149,28897,6569,2453,516,693,2683,105,4,4,160,0,848,61,365,0,0,0,890230,96817,907648,3120604,611975,22080915,14035730,5,6323,57,296524,849360,1137725,1434,0,1894695,39849224
15082,low_touch,enterprise,large,1日以内,0,0,5,41,12,56,102,162,6,0,5,0,0,0,0,4647,1014,316,166,2809,32,4,5,0,0,0,0,0,0,0,4451,0,0,0,0,0,0,196,0,0,0,0,0,0,21,12,5,49,53,1,2,5,0,8,2,0,323,120,182,5164,2,1,0,1,0,47,4,2,760,13,2,13,179,0,0,0,323248,292154,1136391,1197344,410811,7368742,6597645,0,0,0,267861,792740,2377177,967,0,1751793,15574542
39934,low_touch,growth,small,NA,1,0,4,0,0,4,377,0,1,4,0,0,0,0,0,434,229,38,70,78,173,4,4,282,59,4,2,0,0,9,199,8,97,0,24,0,0,8,0,0,6,92,0,0,0,0,0,0,0,0,0,0,0,0,0,0,0,0,0,1113,313,121,34,63,89,139,4,4,0,0,0,0,0,0,0,0,30912,3963,24991,118470,29875,604320,380507,106,1905,4,54077,156730,588168,0,0,59866,1133172
35807,low_touch,growth,medium,30日以内,0,0,12,0,0,36,253,13,1,0,0,0,12,0,0,4305,3689,271,215,94,99,4,6,0,0,0,0,0,0,0,384,0,0,0,0,0,3901,20,0,0,0,0,0,0,0,0,0,0,0,0,0,0,0,0,0,0,0,0,0,107,542,277,65,15,176,80,3,2,0,0,0,1,3,0,0,0,62197,52701,84087,117951,28359,940904,620614,4,5,0,81347,393718,797854,4,0,198985,1707828
8617,low_touch,enterprise,medium,1日以内,1,1,2,45,13,48,539,10,2,2,0,0,0,0,0,3370,1290,386,260,1272,76,4,3,2085,22,2,9,3,0,11,2448,0,228,0,461,0,0,153,0,79,0,0,0,0,1356,559,43,446,531,7,7,72,0,130,30,3,2225,871,532,10429,2504,663,304,217,1213,84,3,3,106,36,0,68,158,0,0,0,758146,306761,664671,1199495,323550,14406362,8819736,19,5075,0,686035,679414,2445658,368,0,1729578,24749143
135,low_touch,enterprise,medium,7日以内,0,0,2,7,5,23,153,93,1,0,0,0,1,0,1,1933,1532,120,64,157,182,4,7,0,0,0,0,0,0,0,1929,0,0,0,0,0,4,0,0,0,0,0,0,0,134,27,0,797,189,1,55,2,0,36,0,0,3347,924,172,8,1633,1391,115,62,12,189,4,6,209,0,0,17,34,0,0,0,47397,43952,91413,265481,17718,1545852,290061,4,0,0,222882,663550,2478453,260,0,182762,2119112
5675,tech_touch,enterprise,medium,1日以内,1,0,2,12,7,12,167,2,3,0,0,0,2,0,0,4164,3922,70,116,35,121,5,17,4070,53,1,3,1,0,3,269,0,0,0,0,0,3895,0,0,0,0,0,0,0,1169,80,3,2456,313,3,10,3,0,492,6,0,7897,541,106,87,474,348,30,10,78,116,4,3,0,0,0,1,2,0,0,0,25900,17680,79744,178225,15919,450595,248690,7,500,0,189647,574809,1249578,3,0,123324,893429
11619,low_touch,growth,large,1日以内,0,0,7,0,0,58,420,49,5,1,0,1,5,0,0,813,749,5,13,31,130,5,3,0,0,0,0,0,0,0,754,0,0,0,0,0,58,1,0,0,0,0,0,0,16,1,0,131,6,0,20,0,0,25,0,0,1925,110,42,210,1138,1030,4,20,68,111,5,3,1386,0,133,801,988,0,0,0,45869,2906,49830,258589,55648,641588,550322,40,0,0,91440,419533,919117,3308,0,98605,1506147
38946,tech_touch,enterprise,medium,3日以内,1,1,2,1,1,11,0,2,0,0,2,0,0,0,0,9607,2774,753,480,4401,110,4,46,1986,589,1888,479,100,84,81,9270,13,24,2,0,0,0,250,0,0,0,0,0,0,1,0,0,0,0,0,0,0,0,2,0,0,36,0,4,1821,0,0,0,0,0,0,0,0,0,0,0,0,0,0,0,0,374474,24645,1853190,544305,407028,3223489,3461780,0,0,0,8558,23493,110717,0,0,2252309,7636602
23596,low_touch,growth,medium,1日以内,0,0,7,0,0,9,200,19,2,7,0,0,0,0,0,2605,1703,116,71,623,93,4,8,0,0,0,0,0,0,0,2187,7,227,8,158,1,0,17,0,0,0,0,0,0,1764,179,89,394,104,1,16,2,0,174,12,0,1623,298,421,5686,3356,1901,112,66,1188,46,4,12,518,0,0,1,1,0,0,0,39606,10437,45002,276164,61177,1714262,1161392,62,719,0,55115,569217,704665,520,0,95045,3212995
13003,tech_touch,growth,small,7日以内,0,0,1,0,0,1,628,6,1,0,0,0,0,0,1,11,2,0,0,8,239,5,2,0,0,0,0,0,0,0,11,0,0,0,0,0,0,0,0,0,0,0,0,0,0,0,0,11,0,0,0,0,0,0,0,0,14,8,2,12,0,0,0,0,0,0,0,0,0,0,0,1,76,0,0,0,456,30,4882,7818,5622,22301,60531,0,0,0,327429,1552149,2745936,77,0,5368,96272
31252,high_touch,growth,larger,7日以内,1,0,1,0,0,296,594,6,1,0,1,0,0,0,0,2731,617,974,154,659,84,3,1,1495,216,211,113,10,1,33,2551,0,155,0,0,0,0,25,0,0,0,0,0,0,0,0,0,0,0,0,0,0,0,0,0,0,0,0,0,5017,0,0,0,0,0,0,0,0,0,0,136,1,0,0,0,0,67691,204861,2595884,2359010,5110055,12962443,106203294,0,0,0,354209,989041,2145711,137,0,2868436,126634802
37889,low_touch,enterprise,larger,1日以内,0,0,2,102,79,106,620,20,2,2,0,0,0,0,0,7562,2292,355,338,4088,84,4,3,285,178,8,4,1,1,20,6169,21,988,75,62,1,0,246,0,0,0,0,0,0,0,0,0,0,0,0,0,0,0,0,0,0,0,0,0,23045,6768,2601,354,351,3019,59,4,3,0,0,0,2,6,0,0,0,351560,144826,715152,2840365,693882,11605879,15299236,13,0,0,240240,1233404,2179698,8,0,1211538,30439362
18052,tech_touch,small,small,1日以内,0,0,2,0,0,4,83,7,2,0,0,0,0,0,2,30,6,5,2,15,36,3,2,0,0,0,0,0,0,0,30,0,0,0,0,0,0,0,0,0,0,0,0,0,0,0,0,9,5,0,0,0,0,0,0,0,7,13,0,6,54,16,9,2,22,34,4,1,0,0,0,70,0,0,0,0,5540,8561,6372,16336,2593,127021,21621,0,0,0,571561,853350,1819754,70,0,20473,167571
38414,high_touch,growth,small,3日以内,1,0,5,0,0,4,81,9,2,0,0,0,0,0,5,1337,291,49,24,858,43,4,24,377,52,24,15,1,1,10,1212,1,0,0,0,0,0,124,0,0,0,0,0,0,0,0,0,0,0,0,0,0,0,0,0,0,0,0,0,2221,0,0,0,0,0,0,0,0,0,0,0,0,0,0,0,0,54817,6149,168324,736600,134916,3540569,2099180,0,38,0,50372,133105,587986,0,0,229290,6511265
37261,low_touch,growth,medium,3日以内,1,0,10,0,0,13,152,23,8,10,0,0,0,0,0,723,379,71,72,160,117,4,3,513,27,4,9,4,0,8,400,3,203,4,76,0,0,11,0,10,16,0,0,0,0,0,0,0,0,0,0,0,0,0,0,0,0,0,0,1181,281,117,36,31,88,103,4,3,0,0,0,0,0,0,0,0,22167,6053,26006,79486,21626,622885,559349,9,274,0,17319,56912,222125,0,0,54226,1283346
24058,tech_touch,enterprise,small,30日以内,0,0,1,0,0,1,83,5,1,0,0,0,0,0,1,66,15,11,7,19,71,3,7,0,0,0,0,0,0,0,66,0,0,0,0,0,0,0,0,0,0,0,0,0,8,8,0,0,8,0,0,1,0,10,0,0,37,44,14,93,0,0,0,0,0,0,0,0,0,0,0,1,3,0,0,0,8825,0,7326,8873,2905,30492,32489,0,0,0,132,857,2121,4,0,16151,74759
31780,tech_touch,growth,small,30日以内,0,0,3,0,0,4,201,3,4,3,0,0,0,0,0,704,352,44,45,241,88,4,4,0,0,0,0,0,0,0,460,8,102,9,105,0,0,10,0,10,0,0,0,0,0,0,0,0,0,0,0,0,0,0,0,0,0,0,0,1362,436,163,37,31,200,89,4,5,80,0,0,0,0,0,0,0,20960,4009,10623,88172,23878,914597,566861,0,75,0,34969,66898,255755,80,0,35592,1593508
25279,high_touch,growth,medium,NA,0,0,2,0,0,12,0,0,0,0,0,0,0,0,2,1189,242,107,59,700,36,4,14,448,12,1,2,0,1,4,1189,0,0,0,0,0,0,0,0,0,0,0,0,0,0,0,0,0,0,0,0,0,0,0,0,0,0,0,0,0,0,0,0,0,0,0,0,0,0,0,0,0,0,0,0,0,0,0,0,0,0,0,0,0,0,0,0,0,0,0,0,0,0
32143,low_touch,growth,small,1日以内,1,0,1,0,0,1,488,8,1,0,1,0,0,0,0,3839,1063,181,92,2084,74,4,150,1267,119,267,85,11,10,9,3532,7,0,0,0,0,0,300,0,0,0,0,0,0,0,0,0,0,0,0,0,0,0,0,0,0,0,0,0,1777,0,0,0,0,0,0,0,0,48,0,45,1,15,0,0,0,696011,161230,1114008,1426518,294189,6963328,2966324,0,0,0,94775,514345,1360063,109,0,1971249,11650359
34816,high_touch,enterprise,medium,1日以内,1,0,2,7,7,7,586,3,2,0,2,0,0,0,0,37,14,9,1,8,99,3,2,8,6,0,2,10,0,3,35,0,0,0,0,0,0,2,0,0,0,0,0,0,0,0,0,0,0,0,0,0,0,0,0,0,0,0,0,165,64,13,5,2,31,72,3,2,6,0,0,2,80,0,21,0,9252,2391,22614,138282,23909,325553,257156,25,0,0,49688,247350,734047,88,21,34257,744900
15808,tech_touch,small,small,30日以内,0,0,1,0,0,1,176,4,1,0,0,0,0,0,1,9,3,2,0,3,172,2,2,0,0,0,0,0,0,0,9,0,0,0,0,0,0,0,0,0,0,0,0,0,0,0,0,0,0,0,0,0,0,0,0,0,9,21,1,0,3,1,1,0,1,247,2,1,0,0,0,147,0,0,0,0,438,30,1578,26286,422,17747,2862,0,0,0,716185,841136,2180199,147,0,2046,47317
16370,low_touch,small,medium,1日以内,0,0,1,0,0,14,523,13,1,1,0,0,0,0,0,2042,975,126,174,576,110,4,4,26,10,1,3,2,0,2,1029,10,639,32,223,0,0,75,0,0,0,34,0,0,1608,345,67,367,166,3,34,0,1,159,15,0,2082,551,624,6970,110,69,11,6,18,88,4,2,400,15,0,19,14,0,0,0,142972,75310,187195,923976,212046,5684109,3064272,0,3432,1,555188,382451,2049369,448,0,405477,9884403
5204,low_touch,growth,larger,1日以内,0,0,1,0,0,104,27,9,3,1,0,0,0,0,0,3660,1116,499,337,1411,88,4,2,91,7,1,0,0,0,0,2554,3,481,32,0,0,0,420,0,170,0,0,0,0,1496,395,68,474,1065,9,28,66,0,129,71,8,2360,1225,963,5501,255,92,42,43,55,68,4,2,38,0,0,9,6,0,0,0,317022,83145,739996,3195787,1077711,22092272,22358703,21,0,0,207244,700407,1638596,53,0,1140163,48724473
21550,tech_touch,small,small,1日以内,0,0,1,0,0,1,166,18,1,0,1,0,0,0,0,0,0,0,0,0,0,0,0,0,0,0,0,0,0,0,0,0,0,0,0,0,0,0,0,0,0,0,0,0,0,0,0,0,0,0,0,0,0,0,0,0,0,0,0,0,0,0,0,0,0,0,0,0,4,0,0,32,3,0,2,2,0,71,1386,954,456,1923,5056,0,0,0,160734,1151201,1780677,39,4,1457,8389
16733,low_touch,growth,small,1日以内,0,0,4,0,0,4,220,44,2,0,0,0,0,0,4,76,40,6,4,6,249,4,2,0,0,0,0,0,0,0,76,0,0,0,0,0,0,0,0,0,0,0,0,0,4,1,0,9,20,0,7,0,0,1,1,0,293,99,13,14,77,45,6,5,4,305,4,2,0,0,355,23,17,0,0,0,52069,10944,50937,130259,17581,524480,110342,6,0,0,122447,472017,655166,395,0,113950,782662
20139,low_touch,growth,larger,3日以内,0,0,7,0,0,298,361,70,3,7,0,0,0,0,0,29921,14019,2828,2137,9619,61,4,3,238,0,0,1,0,0,0,15728,21,2241,77,6518,1,0,3558,0,1777,0,0,0,0,13370,4167,508,4742,4067,66,181,526,4,1402,285,13,17965,5778,4091,63528,3811,1996,734,511,285,109,4,2,11,0,0,72,74,0,0,0,2045263,683822,1977647,6986590,2532388,75546344,63402361,0,12983,0,280225,1016399,141818,157,0,4706732,148467683
35774,tech_touch,growth,small,1日以内,1,0,1,0,0,1,31,1,1,1,0,0,0,0,0,149,45,30,14,49,151,3,5,100,0,0,0,0,0,0,132,0,12,0,0,0,0,5,0,0,0,0,0,0,0,0,0,0,0,0,0,0,0,0,0,0,0,0,0,184,18,6,6,4,1,94,3,2,18,0,0,0,2,1,1,1,6643,532,4810,4183,1850,68893,72053,0,0,0,13495,44987,158797,20,3,11985,146979
11683,high_touch,enterprise,medium,1日以内,1,0,25,1,1,23,98,328,10,18,0,7,0,0,0,5398,2236,301,621,2097,127,4,14,2548,264,281,183,14,5,45,4705,9,62,1,26,0,0,10,0,0,97,488,0,0,3833,884,91,2250,1484,16,432,535,5,1635,140,12,10326,3074,1301,14920,5630,2073,306,623,2449,103,4,18,0,0,4,9,11,0,0,0,1149256,225819,1449790,2650965,2564271,17781735,12452529,1,37,7,93763,900956,872095,24,0,2824865,35449500
1981,high_touch,growth,medium,1日以内,0,0,5,0,0,21,217,154,2,4,0,0,0,0,1,1838,821,138,140,649,106,4,4,0,0,0,0,0,0,0,1501,6,279,16,0,0,0,36,0,0,0,0,0,0,936,250,65,277,300,12,7,17,0,200,25,5,1483,362,508,4530,1207,477,105,92,483,53,4,3,0,0,294,16,52,1,2,1,103045,43244,102907,374286,88928,3605743,2305349,8,161,0,132205,531544,684435,362,4,249196,6374306
28612,tech_touch,NA,small,61日以上,0,0,1,0,0,1,515,6,1,1,0,0,0,0,0,14,10,0,1,3,186,5,2,0,0,0,0,0,0,0,14,0,0,0,0,0,0,0,0,0,0,0,0,0,0,0,0,0,0,0,0,0,0,0,0,0,0,0,0,23,11,7,0,1,3,186,5,2,0,0,0,0,0,0,0,0,473,87,566,525,165,2927,2309,0,0,0,45959,132628,268525,0,0,1126,5926
12838,tech_touch,small,medium,1日以内,0,0,5,0,0,31,44,36,2,0,0,0,0,1,4,1386,248,368,174,516,71,3,4,32,0,0,0,0,0,0,1316,0,0,0,0,0,0,70,0,0,0,0,0,0,8,15,1,95,267,0,3,12,0,16,13,0,1047,1387,231,2545,692,126,198,91,243,158,3,2,166,0,0,21,20,0,0,0,160895,40583,357442,436189,116442,3623906,2477316,24,0,0,98207,343522,1151171,207,0,558920,6653853
22111,low_touch,enterprise,small,1日以内,0,0,2,2,2,3,589,5,2,0,0,0,1,0,1,119,103,9,5,2,183,5,3,0,0,0,0,0,0,0,107,0,0,0,0,0,12,0,0,0,0,0,0,0,11,1,0,74,20,0,7,0,0,3,0,0,279,74,32,7,181,161,12,6,1,190,4,3,260,0,0,3,6,0,0,0,20724,12347,11198,50371,6407,200647,67494,5,0,0,56116,402840,846681,269,0,44269,324919
25642,low_touch,enterprise,medium,1日以内,0,0,6,6,6,6,264,6,6,6,0,0,0,0,0,429,274,19,41,87,140,4,2,0,0,0,0,0,0,0,189,1,88,6,42,0,0,5,0,0,98,0,0,0,0,0,0,0,0,0,0,0,0,0,0,0,0,0,0,1741,0,0,0,0,0,0,0,0,212,42,28,5,6,0,0,0,95523,14776,14174,258429,60202,2659347,2001605,0,349,0,113156,458373,1490925,293,0,124473,4979583
20138,high_touch,enterprise,larger,1日以内,0,0,20,153,89,298,215,32,9,20,0,0,0,0,0,29500,14848,2300,2157,9107,69,4,3,370,139,7,6,2,1,18,12053,27,3831,116,8546,0,0,1413,0,3514,0,0,0,0,279,50,37,144,44,2,3,1,0,48,13,0,608,167,106,48876,15119,5033,1098,1050,7400,59,4,2,37,157,0,99,133,0,0,0,1992820,793629,1913806,7933423,8155850,64853764,150352395,23,38061,0,402784,1293615,2507931,426,0,4700255,231295432
14389,tech_touch,small,small,7日以内,0,0,1,0,0,1,485,1,1,0,0,0,0,0,1,31,12,1,3,14,72,4,3,0,0,0,0,0,0,0,30,0,0,0,0,0,0,1,0,0,0,0,0,0,0,0,0,6,0,0,0,0,0,0,0,0,45,7,2,5,35,14,2,3,15,78,4,3,0,0,0,0,0,0,0,0,10976,11581,19166,24074,5037,151798,39620,0,0,0,611895,1310256,2762453,0,0,41723,220529
35808,low_touch,growth,small,1日以内,1,0,5,0,0,5,629,21,2,5,0,0,0,0,0,611,242,42,80,183,123,4,4,363,37,9,6,1,0,13,407,3,171,16,3,0,0,8,0,3,0,0,0,0,0,0,0,0,0,0,0,0,0,0,0,0,0,0,0,1871,33,20,3,6,0,144,4,4,0,5,48,0,15,1,0,0,7286,3538,18961,238502,59362,1165516,1327725,0,0,0,11963,71867,445609,68,1,29785,2791105
24454,tech_touch,small,NA,NA,0,0,8,0,0,0,0,0,0,1,7,0,0,0,0,0,0,0,0,0,0,0,0,0,0,0,0,0,0,0,0,0,0,0,0,0,0,0,0,0,0,0,0,0,0,0,0,0,0,0,0,0,0,0,0,0,0,0,0,0,0,0,0,0,0,0,0,0,0,0,0,0,0,0,0,0,0,0,0,0,0,0,0,0,0,0,0,0,0,0,0,0,0
28711,low_touch,growth,medium,1日以内,1,0,4,0,0,8,297,10,2,4,0,0,0,0,0,633,342,27,71,156,140,4,3,423,41,4,6,1,0,3,396,11,189,8,0,1,0,28,0,0,0,0,0,0,1130,252,98,164,202,2,8,4,0,254,29,2,1077,322,354,1308,918,445,54,83,309,84,4,3,68,8,87,104,3,0,0,0,55132,12089,37291,136058,28573,1277193,1092291,1,1331,0,588631,485781,2344341,270,0,104512,2534115
12739,tech_touch,growth,small,30日以内,0,0,1,0,0,2,86,14,1,1,0,0,0,0,0,116,45,11,11,44,106,4,4,0,0,0,0,0,0,0,116,0,0,0,0,0,0,0,0,0,0,0,0,0,96,41,8,14,11,1,1,2,0,2,0,0,67,27,28,214,180,64,18,19,74,87,4,3,0,0,0,0,0,0,0,0,4595,300,3878,19982,6009,224830,225097,0,0,0,94413,357531,296492,0,0,8773,475918
18514,low_touch,growth,medium,1日以内,0,0,9,0,0,19,161,114,6,9,0,0,0,0,0,2453,1489,86,232,508,116,4,4,82,2,1,0,0,0,0,770,3,1499,43,111,0,0,27,0,0,0,0,0,0,3438,279,124,580,244,1,19,4,0,532,88,12,3655,569,922,4338,1555,647,63,130,659,70,4,3,251,8,4,69,28,0,0,0,67086,37162,120922,453961,99772,2033332,1649557,21,2107,0,827073,874062,2701115,360,0,225170,4236622
21286,tech_touch,growth,small,1日以内,0,0,1,0,0,3,25,1,1,0,0,0,0,0,1,40,22,0,11,6,121,4,2,0,0,0,0,0,0,0,39,0,0,0,0,0,0,1,0,0,0,0,0,0,2,0,0,1,4,0,2,0,0,6,2,0,71,21,3,37,36,22,3,10,1,121,4,1,142,0,0,0,7,0,0,0,8608,110,10020,41848,9796,86233,69618,0,0,0,297693,975684,770016,149,0,18738,207495
20198,high_touch,growth,medium,7日以内,0,0,34,0,0,34,13,37,1,25,5,0,2,0,2,6161,2467,419,513,2393,121,4,6,0,0,0,0,0,0,0,3815,9,1045,54,486,0,0,238,0,36,238,240,0,0,298,58,9,85,47,0,0,5,0,72,15,0,395,71,74,1080,0,0,0,0,0,0,0,0,0,0,146,0,3,0,0,0,61769,2430,127758,125600,58533,600485,317156,0,0,0,382609,959730,1964809,149,0,191957,1101774
37754,tech_touch,growth,small,30日以内,1,0,1,0,0,1,73,1,1,1,0,0,0,0,0,65,29,4,5,14,131,4,4,49,3,0,0,0,0,0,37,0,27,1,0,0,0,0,0,0,0,0,0,0,0,0,0,0,0,0,0,0,0,0,0,0,0,0,0,137,0,0,0,0,0,0,0,0,18,0,3,0,0,0,0,0,711,0,1386,3743,1474,31016,59780,0,0,0,16185,66874,139565,21,0,2097,96013
12377,tech_touch,NA,NA,NA,0,0,0,0,0,0,0,0,0,0,0,0,0,0,0,0,0,0,0,0,0,0,0,0,0,0,0,0,0,0,0,0,0,0,0,0,0,0,0,0,0,0,0,0,0,0,0,0,0,0,0,0,0,0,0,0,0,0,0,0,0,0,0,0,0,0,0,0,0,0,0,0,0,0,0,0,0,0,0,0,0,0,0,0,0,0,0,0,0,0,0,0,0
39473,low_touch,growth,NA,NA,1,0,0,0,0,0,0,0,0,0,0,0,0,0,0,0,0,0,0,0,0,0,0,0,0,0,0,0,0,0,0,0,0,0,0,0,0,0,0,0,0,0,0,0,0,0,0,0,0,0,0,0,0,0,0,0,0,0,0,0,0,0,0,0,0,0,0,0,0,0,0,0,0,0,0,0,0,0,0,0,0,0,0,0,0,0,0,0,0,0,0,0,0
39536,low_touch,growth,NA,NA,0,0,0,0,0,0,0,0,0,0,0,0,0,0,0,0,0,0,0,0,0,0,0,0,0,0,0,0,0,0,0,0,0,0,0,0,0,0,0,0,0,0,0,0,0,0,0,0,0,0,0,0,0,0,0,0,0,0,0,0,0,0,0,0,0,0,0,0,0,0,0,0,0,0,0,0,0,0,0,0,0,0,0,0,0,0,0,0,0,0,0,0,0
21288,tech_touch,growth,NA,NA,0,0,0,0,0,0,0,0,0,0,0,0,0,0,0,0,0,0,0,0,0,0,0,0,0,0,0,0,0,0,0,0,0,0,0,0,0,0,0,0,0,0,0,0,0,0,0,0,0,0,0,0,0,0,0,0,0,0,0,0,0,0,0,0,0,0,0,0,0,0,0,0,0,0,0,0,0,0,0,0,0,0,0,0,0,0,0,0,0,0,0,0,0
12376,tech_touch,NA,NA,NA,0,0,0,0,0,0,0,0,0,0,0,0,0,0,0,0,0,0,0,0,0,0,0,0,0,0,0,0,0,0,0,0,0,0,0,0,0,0,0,0,0,0,0,0,0,0,0,0,0,0,0,0,0,0,0,0,0,0,0,0,0,0,0,0,0,0,0,0,0,0,0,0,0,0,0,0,0,0,0,0,0,0,0,0,0,0,0,0,0,0,0,0,0
40955,tech_touch,growth,NA,NA,1,1,0,0,0,0,0,0,0,0,0,0,0,0,0,0,0,0,0,0,0,0,0,0,0,0,0,0,0,0,0,0,0,0,0,0,0,0,0,0,0,0,0,0,0,0,0,0,0,0,0,0,0,0,0,0,0,0,0,0,0,0,0,0,0,0,0,0,0,0,0,0,0,0,0,0,0,0,0,0,0,0,0,0,0,0,0,0,0,0,0,0,0